"0","```r
library(tidyverse)
```"
"1","Registered S3 methods overwritten by 'dbplyr':
  method         from
  print.tbl_lazy     
  print.tbl_sql      
── Attaching packages ──────────────────────────────────────────────────────────────────────────────────────────────────────── tidyverse 1.3.2 ──✔ ggplot2 3.3.6     ✔ purrr   0.3.4
✔ tibble  3.1.7     ✔ dplyr   1.0.9
✔ tidyr   1.2.0     ✔ stringr 1.4.0
✔ readr   2.1.2     ✔ forcats 0.5.1── Conflicts ─────────────────────────────────────────────────────────────────────────────────────────────────────────── tidyverse_conflicts() ──
✖ dplyr::filter() masks stats::filter()
✖ dplyr::lag()    masks stats::lag()
"
"0","```r
library(tidymodels)
```"
"1","Warning: package ‘tidymodels’ was built under R version 4.2.2── Attaching packages ─────────────────────────────────────────────────────────────────────────────────────────────────────── tidymodels 1.0.0 ──
✔ broom        1.0.0     ✔ rsample      1.1.1
✔ dials        1.1.0     ✔ tune         1.0.1
✔ infer        1.0.2     ✔ workflows    1.1.2
✔ modeldata    1.0.1     ✔ workflowsets 1.0.0
✔ parsnip      1.0.3     ✔ yardstick    1.0.0
✔ recipes      1.0.3     
Warning: package ‘dials’ was built under R version 4.2.2Warning: package ‘modeldata’ was built under R version 4.2.2Warning: package ‘parsnip’ was built under R version 4.2.2Warning: package ‘recipes’ was built under R version 4.2.2Warning: package ‘rsample’ was built under R version 4.2.2Warning: package ‘tune’ was built under R version 4.2.2Warning: package ‘workflows’ was built under R version 4.2.2Warning: package ‘workflowsets’ was built under R version 4.2.2── Conflicts ────────────────────────────────────────────────────────────────────────────────────────────────────────── tidymodels_conflicts() ──
✖ scales::discard() masks purrr::discard()
✖ dplyr::filter()   masks stats::filter()
✖ recipes::fixed()  masks stringr::fixed()
✖ dplyr::lag()      masks stats::lag()
✖ yardstick::spec() masks readr::spec()
✖ recipes::step()   masks stats::step()
• Use tidymodels_prefer() to resolve common conflicts.
"
"0","```r
library(corrplot)
```"
"1","Warning: package ‘corrplot’ was built under R version 4.2.2corrplot 0.92 loaded
"
"0","```r
library(fivethirtyeight)
```"
"1","Warning: package ‘fivethirtyeight’ was built under R version 4.2.2Some larger datasets need to be installed separately, like senators and house_district_forecast. To install these, we recommend
you install the fivethirtyeightdata package by running: install.packages('fivethirtyeightdata', repos =
'https://fivethirtyeightdata.github.io/drat/', type = 'source')

Attaching package: ‘fivethirtyeight’

The following object is masked from ‘package:modeldata’:

    drinks
"
